{
  "project_info": {
    "project_number": "52782144177",
    "firebase_url": "https://eatz-42ec2.firebaseio.com",
    "project_id": "eatz-42ec2",
    "storage_bucket": "eatz-42ec2.appspot.com"
  },
  "client": [
    {
      "client_info": {
        "mobilesdk_app_id": "1:52782144177:android:7b7cdd704c4ca6a6",
        "android_client_info": {
          "package_name": "orbital.respberry.eatz"
        }
      },
      "oauth_client": [
        {
          "client_id": "52782144177-vplap5gmnnmduq4g1uqodk8s7901v9i3.apps.googleusercontent.com",
          "client_type": 1,
          "android_info": {
            "package_name": "orbital.respberry.eatz",
            "certificate_hash": "c97ce91d7adfe028c54bec0e4ebe07fa26f62673"
          }
        },
        {
          "client_id": "52782144177-p53dld5n6d4nba0v1mp1esrsl7uuq5v1.apps.googleusercontent.com",
          "client_type": 3
        }
      ],
      "api_key": [
        {
          "current_key": "AIzaSyBSOr_ceO8TRKiwM-na-y5y9eZOb4Ts1c0"
        }
      ],
      "services": {
        "appinvite_service": {
          "other_platform_oauth_client": [
            {
              "client_id": "52782144177-p53dld5n6d4nba0v1mp1esrsl7uuq5v1.apps.googleusercontent.com",
              "client_type": 3
            }
          ]
        }
      }
    }
  ],
  "configuration_version": "1"
}